id;nome;Municipio;Classificação autora;UF;decimallon;decimallat
723;Vacas_Gordas;Urubici;Proto_Je;SC;-49.666667;-28.133333
724;Pinheiro Preto II;Concórdia;Proto_Je;SC;-52.175;-27.266667
725;Icara ;Içara;Proto_Je;SC;-49.3;-28.71
726;Cel. Passos Maia;Passos Maia;Proto_Je;SC;-52.061;-26.782
727;Copetti;Urubici;Proto_Je;SC;-49.696;-27.9283
728;Morro do Avencal 1 (Urubici-01);Urubici;Proto_Je;SC;-49.6124;-28.0278
729;Rio Urubici (Urubici-4);Urubici;Proto_Je;SC;-49.5975;-28.0004
730;Anderman;Urubici;Proto_Je;SC;-49.5766;-27.9903
731;Aripol;Urubici;Proto_Je;SC;-49.5561;-28.0893
732;SC-CL-63;São José do Cerrito;Proto_Je;SC;-50.7188;-27.6013
733;SC-CL-51;São José do Cerrito;Proto_Je;SC;-50.6064;-27.6372
734;SC-CL-45;São José do Cerrito;Proto_Je;SC;-50.5975;-27.6405
735;Rincao dos Albinos ;São José do Cerrito;Proto_Je;SC;-50.6373;-27.5517
736;SC-CL-52;São José do Cerrito;Proto_Je;SC;-50.6111;-27.6368
737;SC-CL-50;São José do Cerrito;Proto_Je;SC;-50.6047;-27.6373
738;SC-CL-46;São José do Cerrito;Proto_Je;SC;-50.5993;-27.6414
739;SC-CL-94;São José do Cerrito;Proto_Je;SC;-50.5926;-27.6416
740;SC-CL-56;São José do Cerrito;Proto_Je;SC;-50.5919;-27.6407
741;SC-CL-43;São José do Cerrito;Proto_Je;SC;-50.5884;-27.6428
742;Induma - SC-TA-04;Taió;Proto_Je;SC;-49.96718119;-27.03703542
743;Campos de Lages;Lages;Proto_Je;SC;-50.32;-27.81
744;Giacomo Bagatini IV;Abdon Batista;Proto_Je;SC;-51.08689281;-27.55965802
745;Aristides Bortoli;Abdon Batista;Proto_Je;SC;-51.07800319;-27.53703942
746;Giacomo Bagatini III;Abdon Batista;Proto_Je;SC;-51.07214419;-27.56004563
747;Giacomo Bagatini II;Abdon Batista;Proto_Je;SC;-51.07164972;-27.56296188
748;Capao do indio;Abdon Batista;Proto_Je;SC;-51.07022169;-27.56915792
749;Giacomo Bagatini I;Abdon Batista;Proto_Je;SC;-51.0699824;-27.56948085
750;SPC.LT.SR.25;Abdon Batista;Proto_Je;SC;-51.06870548;-27.57458441
751;Edilio Manica;Abdon Batista;Proto_Je;SC;-51.05576973;-27.59071174
752;SPC.LT.SR.24;Abdon Batista;Proto_Je;SC;-51.03583693;-27.56439531
753;SPC.LT.SR.22;Abdon Batista;Proto_Je;SC;-51.02975833;-27.56248284
754;SPC.LT.SR.21;Abdon Batista;Proto_Je;SC;-51.0195064;-27.56026381
755;SPC.LT.SR.20;Abdon Batista;Proto_Je;SC;-51.01772351;-27.55992099
756;SPC.LT.SR.19;Abdon Batista;Proto_Je;SC;-51.00487882;-27.55600394
757;SPC.LT.SR.18;Abdon Batista;Proto_Je;SC;-50.97224536;-27.54245042
758;Volta Grande II;Abelardo Luz;Proto_Je;SC;-52.1617851;-26.68194667
759;Rio Caixao II;Alfredo Wagner;Proto_Je;SC;-49.4113859;-27.73461224
760;George Wagner;Alfredo Wagner;Proto_Je;SC;-49.3944123;-27.69953216
761;Jacó Schüller;Alfredo Wagner;Proto_Je;SC;-49.39394338;-27.7495197
762;Santilia Schimidt Wagner;Alfredo Wagner;Proto_Je;SC;-49.39264296;-27.71992764
763;Jairo Wagner;Alfredo Wagner;Proto_Je;SC;-49.38998605;-27.74612519
764;Jose Wagner I;Alfredo Wagner;Proto_Je;SC;-49.38587001;-27.74869462
765;Cilio Ataide de Barros;Anita Garibaldi;Proto_Je;SC;-51.2181584;-27.7154229
766;Darci Mota Sutil;Anita Garibaldi;Proto_Je;SC;-51.20330719;-27.72071764
767;Francisco Rodrigues Fermiano;Anita Garibaldi;Proto_Je;SC;-51.19991744;-27.71434907
768;Joao Maria Fernandes;Anita Garibaldi;Proto_Je;SC;-51.1836327;-27.76888224
769;Joao Roque Vingla IV;Anita Garibaldi;Proto_Je;SC;-51.1831433;-27.76753778
770;Joao Roque Vingla  VIII;Anita Garibaldi;Proto_Je;SC;-51.17982562;-27.76197212
771;Isaltino Freski I;Anita Garibaldi;Proto_Je;SC;-51.17446922;-27.79499274
772;Silvio Fernandes I;Anita Garibaldi;Proto_Je;SC;-51.16928994;-27.76088406
773;Vivaldino Fernandes da Silva;Anita Garibaldi;Proto_Je;SC;-51.0658582;-27.68631138
774;SC-ARA-063;Araranguá;Proto_Je;SC;-49.41968997;-28.91657172
775;Fazendinha 01;Biguaçu;Proto_Je;SC;-48.72168428;-27.4436841
776;Fazendinha 02;Biguaçu;Proto_Je;SC;-48.72113101;-27.44181922
777;Fazenda de Fora 01;Biguaçu;Proto_Je;SC;-48.70830349;-27.41036504
778;SC-CL-8;Bocaina do Sul;Proto_Je;SC;-49.91629555;-27.79207864
779;SC-CL-7;Bocaina do Sul;Proto_Je;SC;-49.88402132;-27.74004498
780;Lages I;Bocaina do Sul;Proto_Je;SC;-49.84228864;-27.74630947
781;Reunidas IV;Bom Retiro do Sul;Proto_Je;SC;-49.52764801;-27.84577955
782;Reunidas III;Bom Retiro do Sul;Proto_Je;SC;-49.50026231;-27.84944689
783;Reunidas I;Bom Retiro do Sul;Proto_Je;SC;-49.48882423;-27.87389904
784;Reunidas VII;Bom Retiro do Sul;Proto_Je;SC;-49.46337816;-27.87269718
785;Reunidas VI;Bom Retiro do Sul;Proto_Je;SC;-49.46077064;-27.89261469
786;Reunidas V;Bom Retiro do Sul;Proto_Je;SC;-49.44840595;-27.89772891
787;Reunidas II;Bom Retiro do Sul;Proto_Je;SC;-49.44558129;-27.89847327
788;SPC.UHE.SR.01;Brunópolis;Proto_Je;SC;-50.81108232;-27.43226538
789;Sebastiao Costa;Campo Belo do Sul;Proto_Je;SC;-50.83443415;-27.70487926
790;Sitio Litico 1;Campo Belo do Sul;Proto_Je;SC;-50.83348914;-27.71267803
791;Helio Camargo;Campo Belo do Sul;Proto_Je;SC;-50.82926106;-27.69191828
792;Jose Varela;Campo Belo do Sul;Proto_Je;SC;-50.82889237;-27.7007198
793;Joao da Silva 2;Campo Belo do Sul;Proto_Je;SC;-50.82000491;-27.73928364
794;Joao da Silva 1;Campo Belo do Sul;Proto_Je;SC;-50.81960195;-27.74368858
795;Airton Ribeiro 1;Campo Belo do Sul;Proto_Je;SC;-50.81847749;-27.71196403
796;Donisete 1;Campo Belo do Sul;Proto_Je;SC;-50.81685767;-27.71006609
797;Airton Ribeiro 2;Campo Belo do Sul;Proto_Je;SC;-50.81662358;-27.7166018
798;Juvenil Moraes;Campo Belo do Sul;Proto_Je;SC;-50.81317445;-27.64515206
799;Luis Carlos 3;Campo Belo do Sul;Proto_Je;SC;-50.80320197;-27.73404279
800;Cassiano Matos;Campo Belo do Sul;Proto_Je;SC;-50.80075698;-27.65576041
801;Clarinda de Moraes;Campo Belo do Sul;Proto_Je;SC;-50.79930076;-27.64816599
802;Plinio Luerce;Campo Belo do Sul;Proto_Je;SC;-50.79681992;-27.64658253
803;Luis Carlos 4;Campo Belo do Sul;Proto_Je;SC;-50.79444109;-27.73133983
804;Davi & Sebastiao;Campo Belo do Sul;Proto_Je;SC;-50.79162257;-27.73032452
805;Alceu de Oliveira 1;Campo Belo do Sul;Proto_Je;SC;-50.78945661;-27.64303267
806;Antônio Nilson 2;Campo Belo do Sul;Proto_Je;SC;-50.78935852;-27.72588853
807;Antônio Nilson 1;Campo Belo do Sul;Proto_Je;SC;-50.78815858;-27.72210412
808;Valmor Baggio 6;Campo Belo do Sul;Proto_Je;SC;-50.78255482;-27.6933785
809;Pedro Oliveira 2;Campo Belo do Sul;Proto_Je;SC;-50.78218804;-27.69932715
810;Carlos Rossetto;Campo Belo do Sul;Proto_Je;SC;-50.77978615;-27.66298696
811;Valmor Baggio 5;Campo Belo do Sul;Proto_Je;SC;-50.77967131;-27.70000927
812;Alceu de Oliveira 2;Campo Belo do Sul;Proto_Je;SC;-50.77924039;-27.6368689
813;Valmor Baggio 3;Campo Belo do Sul;Proto_Je;SC;-50.77830883;-27.69163846
814;Moises;Campo Belo do Sul;Proto_Je;SC;-50.77596904;-27.66035378
815;Valmor Baggio 4;Campo Belo do Sul;Proto_Je;SC;-50.76809642;-27.68663847
816;Antônio Branco;Campo Belo do Sul;Proto_Je;SC;-50.76412281;-27.64328981
817;Gilmar da Silva;Campo Belo do Sul;Proto_Je;SC;-50.76242247;-27.64202303
818;Divercino da Silva;Campo Belo do Sul;Proto_Je;SC;-50.76003603;-27.64394182
819;Ernani Garcia;Campo Belo do Sul;Proto_Je;SC;-50.75815109;-27.6713015
820;Celio Marques;Campo Belo do Sul;Proto_Je;SC;-50.75482397;-27.70816461
821;Reni Camargo;Campo Belo do Sul;Proto_Je;SC;-50.75185771;-27.73699352
822;Abreu e Garcia 2;Campo Belo do Sul;Proto_Je;SC;-50.74428568;-27.66870372
823;Jose Maria Rodrigues;Campo Belo do Sul;Proto_Je;SC;-50.74399331;-27.73317857
824;Milton da Silva;Campo Belo do Sul;Proto_Je;SC;-50.74311315;-27.69747271
825;Ernani Garcia 3;Campo Belo do Sul;Proto_Je;SC;-50.73967299;-27.67689226
826;Travessao;Campo Belo do Sul;Proto_Je;SC;-50.73000284;-27.6505671
827;Grande Morada;Campo Belo do Sul;Proto_Je;SC;-50.67085764;-27.90682941
828;Vilmar Vieira Branco;Campos Novos;Proto_Je;SC;-51.48545316;-27.53875956
829;Dirceu Carneiro;Campos Novos;Proto_Je;SC;-51.45194547;-27.53741004
830;Banhado Seco I;Capão Alto;Proto_Je;SC;-50.53489553;-27.901608
831;Banhado Seco II;Capão Alto;Proto_Je;SC;-50.53306514;-27.90192679
832;SC-CL-19;Capão Alto;Proto_Je;SC;-50.52018315;-27.93360422
833;SC-CL-21;Capão Alto;Proto_Je;SC;-50.51574343;-27.93998896
834;Aroeira;Capão Alto;Proto_Je;SC;-50.37442327;-27.93295603
835;Otacilia Mendes;Celso Ramos;Proto_Je;SC;-51.33585503;-27.66095848
836;SC-CH-122;Chapecó;Proto_Je;SC;-52.76142702;-27.24311192
837;SC-CH-181;Chapecó;Proto_Je;SC;-52.76120578;-27.20146058
838;SC-CH-123;Chapecó;Proto_Je;SC;-52.76111688;-27.24329633
839;SC-CH-127;Chapecó;Proto_Je;SC;-52.76092954;-27.24935499
840;SC-CH-124;Chapecó;Proto_Je;SC;-52.76070533;-27.24537744
841;SC-CH-128;Chapecó;Proto_Je;SC;-52.76053572;-27.24294261
842;SC-CH-125;Chapecó;Proto_Je;SC;-52.76021553;-27.24890366
843;SC-CH-129;Chapecó;Proto_Je;SC;-52.76017952;-27.24276658
844;SC-CH-106;Chapecó;Proto_Je;SC;-52.75941097;-27.23627766
845;SC-CH-126;Chapecó;Proto_Je;SC;-52.7593805;-27.24846287
846;SC-CH-118;Chapecó;Proto_Je;SC;-52.7589724;-27.24242072
847;SC-CH-99;Chapecó;Proto_Je;SC;-52.7580943;-27.23602343
848;SC-CH-115;Chapecó;Proto_Je;SC;-52.75754585;-27.24288992
849;SC-CH-109;Chapecó;Proto_Je;SC;-52.75731978;-27.23621367
850;SC-CH-172;Chapecó;Proto_Je;SC;-52.75663389;-27.23304519
851;SC-CH-120;Chapecó;Proto_Je;SC;-52.75615932;-27.24462223
852;SC-CH-130;Chapecó;Proto_Je;SC;-52.75608865;-27.24976782
853;SC-CH-113;Chapecó;Proto_Je;SC;-52.75462503;-27.20576109
854;SC-CH-116;Chapecó;Proto_Je;SC;-52.75445267;-27.24590724
855;SC-CH-121;Chapecó;Proto_Je;SC;-52.75430235;-27.24211829
856;SC-CH-177;Chapecó;Proto_Je;SC;-52.75390568;-27.21874637
857;SC-CH-133;Chapecó;Proto_Je;SC;-52.75358334;-27.25422187
858;SC-CH-50;Chapecó;Proto_Je;SC;-52.75314863;-27.24646513
859;SC-CH-175;Chapecó;Proto_Je;SC;-52.7530149;-27.22891159
860;SC-CH-137;Chapecó;Proto_Je;SC;-52.75293088;-27.25576443
861;SC-CH-174;Chapecó;Proto_Je;SC;-52.75264504;-27.22786019
862;SC-CH-49;Chapecó;Proto_Je;SC;-52.75233203;-27.24719742
863;SC-CH-53;Chapecó;Proto_Je;SC;-52.75178863;-27.24603086
864;SC-CH-100;Chapecó;Proto_Je;SC;-52.75164265;-27.23799971
865;SC-CH-51;Chapecó;Proto_Je;SC;-52.75149947;-27.24368777
866;SC-CH-90;Chapecó;Proto_Je;SC;-52.75136948;-27.23538564
867;SC-CH-117;Chapecó;Proto_Je;SC;-52.75053299;-27.25290619
868;SC-CH-135;Chapecó;Proto_Je;SC;-52.75050935;-27.25462139
869;SC-CH-105;Chapecó;Proto_Je;SC;-52.75014608;-27.2365743
870;SC-CH-114;Chapecó;Proto_Je;SC;-52.74997686;-27.25092746
871;SC-CH-47;Chapecó;Proto_Je;SC;-52.74973623;-27.24587602
872;SC-CH-179;Chapecó;Proto_Je;SC;-52.74956989;-27.21715789
873;SC-CH-136;Chapecó;Proto_Je;SC;-52.74933807;-27.25463603
874;SC-CH-65;Chapecó;Proto_Je;SC;-52.74924008;-27.23739794
875;SC-CH-180;Chapecó;Proto_Je;SC;-52.74909502;-27.21842744
876;SC-CH-59;Chapecó;Proto_Je;SC;-52.74843229;-27.24192095
877;SC-CH-188;Chapecó;Proto_Je;SC;-52.74827565;-27.22931381
878;SC-CH-89;Chapecó;Proto_Je;SC;-52.74806238;-27.23569774
879;SC-CH-98;Chapecó;Proto_Je;SC;-52.74802674;-27.23858646
880;SC-CH-102;Chapecó;Proto_Je;SC;-52.7479321;-27.23705325
881;SC-CH-178;Chapecó;Proto_Je;SC;-52.7477391;-27.21693705
882;SC-CH-45;Chapecó;Proto_Je;SC;-52.74744411;-27.24653646
883;SC-CH-66;Chapecó;Proto_Je;SC;-52.74709675;-27.237876
884;SC-CH-54;Chapecó;Proto_Je;SC;-52.74701392;-27.2435633
885;SC-CH-62;Chapecó;Proto_Je;SC;-52.74624261;-27.23878924
886;SC-CH-48;Chapecó;Proto_Je;SC;-52.74589583;-27.24827068
887;SC-CH-44;Chapecó;Proto_Je;SC;-52.74576081;-27.24285687
888;SC-CH-132;Chapecó;Proto_Je;SC;-52.74557532;-27.249087
889;SC-CH-131;Chapecó;Proto_Je;SC;-52.74513411;-27.24864122
890;SC-CH-46;Chapecó;Proto_Je;SC;-52.74510714;-27.24367735
891;SC-CH-58;Chapecó;Proto_Je;SC;-52.74509354;-27.24151131
892;SC-CH-39;Chapecó;Proto_Je;SC;-52.74477867;-27.2426886
893;SC-CH-64;Chapecó;Proto_Je;SC;-52.74464208;-27.23781635
894;SC-CH-186;Chapecó;Proto_Je;SC;-52.74460137;-27.22678727
895;SC-CH-56;Chapecó;Proto_Je;SC;-52.74459662;-27.23231115
896;SC-CH-187;Chapecó;Proto_Je;SC;-52.74456058;-27.22417028
897;SC-CH-87;Chapecó;Proto_Je;SC;-52.7441972;-27.23583621
898;SC-CH-55;Chapecó;Proto_Je;SC;-52.7437146;-27.24179927
899;SC-CH-85;Chapecó;Proto_Je;SC;-52.7437098;-27.23566176
900;SC-CH-63;Chapecó;Proto_Je;SC;-52.74358269;-27.23981523
901;SC-CH-138;Chapecó;Proto_Je;SC;-52.74337978;-27.25335651
902;SC-CH-107;Chapecó;Proto_Je;SC;-52.7430237;-27.2382878
903;SC-CH-185;Chapecó;Proto_Je;SC;-52.74287508;-27.22420932
904;SC-CH-86;Chapecó;Proto_Je;SC;-52.74282702;-27.23603378
905;SC-CH-43;Chapecó;Proto_Je;SC;-52.74269323;-27.24235354
906;SC-CH-91;Chapecó;Proto_Je;SC;-52.74235559;-27.23558836
907;SC-CH-104;Chapecó;Proto_Je;SC;-52.74213667;-27.2383891
908;SC-CH-42;Chapecó;Proto_Je;SC;-52.74193321;-27.24218248
909;SC-CH-61;Chapecó;Proto_Je;SC;-52.74182037;-27.23947613
910;SC-CH-84;Chapecó;Proto_Je;SC;-52.74161414;-27.23595862
911;SC-CH-96;Chapecó;Proto_Je;SC;-52.74155481;-27.23993073
912;SC-CH-88;Chapecó;Proto_Je;SC;-52.74147447;-27.2354188
913;SC-CH-83;Chapecó;Proto_Je;SC;-52.74082949;-27.23614889
914;SC-CH-81;Chapecó;Proto_Je;SC;-52.74070193;-27.23768487
915;SC-CH-101;Chapecó;Proto_Je;SC;-52.74044506;-27.2380491
916;SC-CH-163;Chapecó;Proto_Je;SC;-52.7401688;-27.23651814
917;SC-CH-95;Chapecó;Proto_Je;SC;-52.73973446;-27.24040465
918;SC-CH-167;Chapecó;Proto_Je;SC;-52.73960226;-27.2422927
919;SC-CH-169;Chapecó;Proto_Je;SC;-52.73905993;-27.24702898
920;SC-CH-166;Chapecó;Proto_Je;SC;-52.7388042;-27.23642678
921;SC-CH-168;Chapecó;Proto_Je;SC;-52.73841639;-27.24395916
922;SC-CH-80;Chapecó;Proto_Je;SC;-52.73823296;-27.23735451
923;SC-CH-94;Chapecó;Proto_Je;SC;-52.73820127;-27.24051396
924;SC-CH-160;Chapecó;Proto_Je;SC;-52.73791172;-27.2381257
925;SC-CH-97;Chapecó;Proto_Je;SC;-52.73765328;-27.24034024
926;SC-CH-161;Chapecó;Proto_Je;SC;-52.73760168;-27.23961881
927;SC-CH-69;Chapecó;Proto_Je;SC;-52.73743708;-27.23682284
928;SC-CH-82;Chapecó;Proto_Je;SC;-52.73738884;-27.23826758
929;SC-CH-41;Chapecó;Proto_Je;SC;-52.73714062;-27.24179074
930;SC-CH-162;Chapecó;Proto_Je;SC;-52.73693129;-27.23936538
931;SC-CH-78;Chapecó;Proto_Je;SC;-52.73661233;-27.23638178
932;SC-CH-40;Chapecó;Proto_Je;SC;-52.73659403;-27.24170726
933;SC-CH-164;Chapecó;Proto_Je;SC;-52.73604721;-27.23835643
934;SC-CH-139;Chapecó;Proto_Je;SC;-52.7353203;-27.2390153
935;SC-CH-79;Chapecó;Proto_Je;SC;-52.73399323;-27.23939278
936;SC-CH-93;Chapecó;Proto_Je;SC;-52.73110516;-27.24069214
937;SC-CH-77;Chapecó;Proto_Je;SC;-52.7310623;-27.23988034
938;SC-CH-92;Chapecó;Proto_Je;SC;-52.72820027;-27.24090855
939;SC-CH-75;Chapecó;Proto_Je;SC;-52.72725644;-27.23929553
940;SC-CH-74;Chapecó;Proto_Je;SC;-52.72549627;-27.23778284
941;SC-CH-71;Chapecó;Proto_Je;SC;-52.72470077;-27.23923678
942;SC-CH-52;Chapecó;Proto_Je;SC;-52.72370158;-27.24123478
943;SC-CH-190;Chapecó;Proto_Je;SC;-52.72359833;-27.2319123
944;SC-CH-72;Chapecó;Proto_Je;SC;-52.72334616;-27.23979502
945;SC-CH-35;Chapecó;Proto_Je;SC;-52.72331279;-27.23762921
946;SC-CH-70;Chapecó;Proto_Je;SC;-52.72271501;-27.23880993
947;SC-CH-191;Chapecó;Proto_Je;SC;-52.72251396;-27.23165487
948;SC-CH-73;Chapecó;Proto_Je;SC;-52.72245456;-27.24025728
949;SC-CH-189;Chapecó;Proto_Je;SC;-52.72081164;-27.2273253
950;SC-CH-34;Chapecó;Proto_Je;SC;-52.71792814;-27.23877849
951;SC-CH-33;Chapecó;Proto_Je;SC;-52.71607464;-27.239072
952;SC-CH-192;Chapecó;Proto_Je;SC;-52.71556174;-27.23130697
953;SC-CH-32;Chapecó;Proto_Je;SC;-52.7136888;-27.23955252
954;SC-CH-195;Chapecó;Proto_Je;SC;-52.71124148;-27.23667611
955;SC-CH-193;Chapecó;Proto_Je;SC;-52.71010591;-27.23307058
956;SC-CH-28;Chapecó;Proto_Je;SC;-52.70984495;-27.23978004
957;SC-CH-196;Chapecó;Proto_Je;SC;-52.70871874;-27.24009164
958;SC-CH-23;Chapecó;Proto_Je;SC;-52.70833974;-27.24106204
959;SC-CH-29;Chapecó;Proto_Je;SC;-52.70777756;-27.24061761
960;SC-CH-31;Chapecó;Proto_Je;SC;-52.70755727;-27.24007874
961;SC-CH-27;Chapecó;Proto_Je;SC;-52.70701392;-27.24152951
962;SC-CH-159;Chapecó;Proto_Je;SC;-52.70533664;-27.25139725
963;SC-CH-22;Chapecó;Proto_Je;SC;-52.70513877;-27.24173288
964;SC-CH-150;Chapecó;Proto_Je;SC;-52.70298904;-27.26435097
965;SC-CH-151;Chapecó;Proto_Je;SC;-52.70288973;-27.2657873
966;SC-CH-21;Chapecó;Proto_Je;SC;-52.70280927;-27.24194176
967;SC-CH-153;Chapecó;Proto_Je;SC;-52.70280887;-27.26975969
968;SC-CH-154;Chapecó;Proto_Je;SC;-52.70240674;-27.27253555
969;SC-CH-24;Chapecó;Proto_Je;SC;-52.70231043;-27.24167704
970;SC-CH-37;Chapecó;Proto_Je;SC;-52.70206659;-27.24556117
971;SC-CH-152;Chapecó;Proto_Je;SC;-52.70183382;-27.25879603
972;SC-CH-156;Chapecó;Proto_Je;SC;-52.70151193;-27.2754618
973;SC-CH-38;Chapecó;Proto_Je;SC;-52.70134473;-27.24457709
974;SC-CH-149;Chapecó;Proto_Je;SC;-52.70114603;-27.27796643
975;SC-CH-36;Chapecó;Proto_Je;SC;-52.70081647;-27.24503481
976;SC-CH-25;Chapecó;Proto_Je;SC;-52.70080196;-27.2414246
977;SC-CH-147;Chapecó;Proto_Je;SC;-52.69954843;-27.27852741
978;SC-CH-157;Chapecó;Proto_Je;SC;-52.69924264;-27.27768269
979;SC-CH-15;Chapecó;Proto_Je;SC;-52.69816358;-27.24190793
980;SC-CH-148;Chapecó;Proto_Je;SC;-52.69749556;-27.27970766
981;SC-CH-18;Chapecó;Proto_Je;SC;-52.69661644;-27.24310006
982;SC-CH-13;Chapecó;Proto_Je;SC;-52.69654303;-27.24824575
983;SC-CH-19;Chapecó;Proto_Je;SC;-52.69638508;-27.24382494
984;SC-CH-146;Chapecó;Proto_Je;SC;-52.69627568;-27.2818616
985;SC-CH-14;Chapecó;Proto_Je;SC;-52.69584993;-27.24915674
986;SC-CH-12;Chapecó;Proto_Je;SC;-52.6952754;-27.25322539
987;SC-CH-11;Chapecó;Proto_Je;SC;-52.69500758;-27.25088188
988;SC-CH-08;Chapecó;Proto_Je;SC;-52.69455223;-27.26081595
989;SC-CH-145;Chapecó;Proto_Je;SC;-52.69404985;-27.28163585
990;SC-CH-10;Chapecó;Proto_Je;SC;-52.69309587;-27.24801671
991;SC-CH-09;Chapecó;Proto_Je;SC;-52.69247372;-27.25028073
992;SC-CH-144;Chapecó;Proto_Je;SC;-52.6924677;-27.27722327
993;SC-CH-06;Chapecó;Proto_Je;SC;-52.69219332;-27.25777567
994;SC-CH-05;Chapecó;Proto_Je;SC;-52.69200449;-27.25931237
995;SC-CH-07;Chapecó;Proto_Je;SC;-52.69102604;-27.25472095
996;SC-CH-141;Chapecó;Proto_Je;SC;-52.6905882;-27.27584698
997;SC-CH-16;Chapecó;Proto_Je;SC;-52.68984033;-27.24309176
998;SC-CH-17;Chapecó;Proto_Je;SC;-52.68953224;-27.24408834
999;SC-CH-01;Chapecó;Proto_Je;SC;-52.6890788;-27.25952823
1000;SC-CH-04;Chapecó;Proto_Je;SC;-52.68875767;-27.25231133
1001;SC-CH-140;Chapecó;Proto_Je;SC;-52.68867233;-27.27072533
1002;SC-CH-02;Chapecó;Proto_Je;SC;-52.68861345;-27.26215138
1003;SC-CH-20;Chapecó;Proto_Je;SC;-52.68861321;-27.24274553
1004;SC-CH-143;Chapecó;Proto_Je;SC;-52.68843359;-27.27403449
1005;SC-CH-03;Chapecó;Proto_Je;SC;-52.68703788;-27.26081648
1006;Colônia dos Alves;Correia Pinto;Proto_Je;SC;-50.53113363;-27.54644492
1007;Agroflorestal;Correia Pinto;Proto_Je;SC;-50.52707378;-27.54607006
1008;Armildo Befart;Correia Pinto;Proto_Je;SC;-50.3038925;-27.55359027
1009;Sitio Dirceu;Curitibanos;Proto_Je;SC;-50.54554958;-27.47170672
1010;Gaboardi II;Curitibanos;Proto_Je;SC;-50.54236341;-27.32874831
1011;Gaboardi I;Curitibanos;Proto_Je;SC;-50.54052174;-27.31940731
1012;Doutor Pedrinho I;Doutor Pedrinho;Proto_Je;SC;-49.52103352;-26.65259318
1013;Aldeia Fulvio Aducci;Florianópolis;Proto_Je;SC;-48.57249839;-27.59164445
1014;Parque Rene Frey II;Fraiburgo;Proto_Je;SC;-50.92297543;-27.01491003
1015;Parque Rene Frey I;Fraiburgo;Proto_Je;SC;-50.92054453;-27.01707554
1016;S.A. Serrinha;Ipumirim;Proto_Je;SC;-52.10812158;-27.09703729
1017;Armando Vortmann;ItaÂ ;Proto_Je;SC;-52.39771919;-27.25001407
1018;Estrada do Oeste 03;Joinville;Proto_Je;SC;-48.89727512;-26.1856166
1019;Estrada do oeste 04;Joinville;Proto_Je;SC;-48.89688182;-26.18969055
1020;Estrada do oeste 02;Joinville;Proto_Je;SC;-48.89646952;-26.18758149
1021;Estrada do oeste 01;Joinville;Proto_Je;SC;-48.89464609;-26.19162548
1022;Fazenda Pai Querê IV;Lages;Proto_Je;SC;-50.59706468;-28.34172458
1023;Fazenda Santa Rosa II;Lages;Proto_Je;SC;-50.59209725;-28.36006111
1024;Fazenda Santa Rosa I;Lages;Proto_Je;SC;-50.58966081;-28.36207578
1025;Fazenda Guarda-Mor;Lages;Proto_Je;SC;-50.52247632;-28.34986965
1026;Fazenda Sobradinho II;Lages;Proto_Je;SC;-50.52177687;-28.3738871
1027;SC-CL-31;Lages;Proto_Je;SC;-50.51574343;-27.93998896
1028;Fazenda Sobradinho I;Lages;Proto_Je;SC;-50.507798;-28.35993634
1029;Adair da Silva Branco II;Lages;Proto_Je;SC;-50.50295322;-28.40321036
1030;Fazenda Santa Vitória I;Lages;Proto_Je;SC;-50.46540557;-28.38496091
1031;Fazenda Cadete;Lages;Proto_Je;SC;-50.4501354;-28.36926613
1032;Praia de Seixos do Cachoeirao I;Lages;Proto_Je;SC;-50.40680317;-28.39868244
1033;Bom Jardim;Lages;Proto_Je;SC;-50.35986683;-27.93150799
1034;Fazenda Pinheirinho;Lages;Proto_Je;SC;-50.35587469;-28.3328195
1035;Passo Fundo I;Lages;Proto_Je;SC;-50.32256815;-27.79224872
1036;L. Beatriz Araújo Broering;Lages;Proto_Je;SC;-50.28268235;-27.88848397
1037;SC-CL-33;Lages;Proto_Je;SC;-50.22534136;-27.6879615
1038;SC-CL-28 II;Lages;Proto_Je;SC;-50.22302683;-27.68686527
1039;SC-CL-30;Lages;Proto_Je;SC;-50.20737741;-27.68573847
1040;SC-CL-29;Lages;Proto_Je;SC;-50.20423691;-27.683906
1041;Adilson Rafaeli II;Lages;Proto_Je;SC;-50.20401006;-27.66204075
1042;Adilson Rafaeli I;Lages;Proto_Je;SC;-50.19891577;-27.66963941
1043;SC-CL-28 I;Lages;Proto_Je;SC;-50.19273104;-27.72198826
1044;SC-CL-26 II;Lages;Proto_Je;SC;-50.19236494;-27.71935923
1045;SC - CL- 23;Lages;Proto_Je;SC;-50.17667178;-27.67889731
1046;SC-CL-25;Lages;Proto_Je;SC;-50.1621363;-27.81474894
1047;Fortim do Atalaia;Laguna;Proto_Je;SC;-48.759081;-28.500069
1048;Iraci Idalino Nunes;Painel;Proto_Je;SC;-50.10751463;-28.12341985
1049;Guarda do Embaú I;Palhoça;Proto_Je;SC;-48.58646118;-27.90398862
1050;SC-CL-36;Palmeira;Proto_Je;SC;-50.15020761;-27.6223176
1051;SC-CL-35;Palmeira;Proto_Je;SC;-50.14990312;-27.62368788
1052;Santa Terezinha VI;Passos Maia;Proto_Je;SC;-51.980822;-26.57676
1053;Santa Terezinha III;Passos Maia;Proto_Je;SC;-51.978704;-26.573281
1054;Sitio Craveiro I;Passos Maia;Proto_Je;SC;-51.945832;-26.66124
1055;Gruta do Ribeirao Revolver;Presidente GetÃºlio;Proto_Je;SC;-49.606597;-27.057027
1056;Estrutura Subterranea Alto Pomerano 01;Rio dos Cedros;Proto_Je;SC;-49.26680423;-26.70272382
1057;Pedro Pereira Filho;Rio Rufino;Proto_Je;SC;-49.78644694;-27.87323834
1058;Rio Leste I;Rio Rufino;Proto_Je;SC;-49.68726211;-27.90341566
1059;SC-CHA-04;São Carlos;Proto_Je;SC;-53.02001937;-26.95667137
1060;da Igreja Adventista;São Joaquim;Proto_Je;SC;-50.35588286;-28.40075295
1061;Luciano Vieira Schlemper;São Joaquim;Proto_Je;SC;-50.1063802;-28.13007401
1062;SC-P-2: Luizinho 2;São Joaquim;Proto_Je;SC;-49.84068189;-28.47929769
1063;Antônio Roque dos Anjos;São José do Cerrito;Proto_Je;SC;-50.89321059;-27.56154
1064;Lajeado Goiabeira;São José do Cerrito;Proto_Je;SC;-50.8086779;-27.56085348
1065;SPC.UHE.SR.07;São José do Cerrito;Proto_Je;SC;-50.8030324;-27.48125802
1066;SPC.UHE.SR.09;São José do Cerrito;Proto_Je;SC;-50.79919582;-27.48692208
1067;SC-CHA-05;Saudades;Proto_Je;SC;-53.03095004;-26.91751598
1068;Barragem Taió 02;Taió;Proto_Je;SC;-50.04808153;-27.11030644
1069;Sitio Timbe 01;Tijucas;Proto_Je;SC;-48.6949474;-27.30201156
1070;Cafe 8;Timbó Grande;Proto_Je;SC;-50.7879935;-26.51379623
1071;Cafe 9;Timbó Grande;Proto_Je;SC;-50.78754198;-26.51373235
1072;Cafe 3;Timbó Grande;Proto_Je;SC;-50.78268299;-26.51450154
1073;Cafe 1;Timbó Grande;Proto_Je;SC;-50.78206168;-26.51400399
1074;Cafe 7;Timbó Grande;Proto_Je;SC;-50.7810976;-26.51960963
1075;Cafe 6;Timbó Grande;Proto_Je;SC;-50.78093839;-26.51888705
1076;Fontana 01;Treze de Maio;Proto_Je;SC;-49.14144405;-28.56229229
1077;Rio Capoeiras;Urubici;Proto_Je;SC;-49.63420846;-28.02759274
1078;Morro do Cemiterio;Urubici;Proto_Je;SC;-49.59972999;-28.02185728
1079;Gruta Lavatudo;Urubici;Proto_Je;SC;-49.59359925;-28.12713331
1080;Donizete Fernandes;Urubici;Proto_Je;SC;-49.58329856;-28.03702352
1081;S.A. Esquina;Urubici;Proto_Je;SC;-49.57699936;-27.99080091
1082;Zapellini II;Urubici;Proto_Je;SC;-49.5732319;-27.99120413
1083;S.A. Pedra Branca;Urubici;Proto_Je;SC;-49.56827614;-28.07448663
1084;aguas Brancas;Urubici;Proto_Je;SC;-49.56637586;-27.95297199
1085;Borguesan II;Urubici;Proto_Je;SC;-49.53651384;-27.99809289
1086;S.A. Santo Antônio II;Urubici;Proto_Je;SC;-49.53620327;-28.01279234
1087;S.A. Santo Antônio I;Urubici;Proto_Je;SC;-49.53566202;-28.01295806
1088;SA Casa de Pedra;Urubici;Proto_Je;SC;-49.37918657;-28.0613819
1089;Valentim Muniz de Oliveira;Urupema;Proto_Je;SC;-49.87716125;-27.98363263
1090;Valdevino Machado;Vargem;Proto_Je;SC;-51.0080652;-27.44731411
1091;Ludovico Poleze II;Vargem;Proto_Je;SC;-51.00259984;-27.4104799
1092;Jose Noriler I;Vargem;Proto_Je;SC;-50.99659097;-27.40734715
1093;Joao Maria da Silva Muniz;Vargem;Proto_Je;SC;-50.98096439;-27.39369543
1094;SPC.LT.SR.17;Vargem;Proto_Je;SC;-50.93428147;-27.53155003
1095;Joao Machado;Vargem;Proto_Je;SC;-50.92153115;-27.49392178
1096;Ludovico Poleze I;Vargem;Proto_Je;SC;-50.92111021;-27.48795406
1097;SPC.LT.SR.15;Vargem;Proto_Je;SC;-50.90721729;-27.52482687
1098;SPC.LT.SR.13;Vargem;Proto_Je;SC;-50.89967582;-27.52176118
1099;SPC.LT.SR.11;Vargem;Proto_Je;SC;-50.85569097;-27.50356738
1100;SPC.LT.SR.10;Vargem;Proto_Je;SC;-50.85154144;-27.5024255
1101;SPC.LT.SR.09;Vargem;Proto_Je;SC;-50.85045832;-27.50227989
1102;SPC.LT.SR.08;Vargem;Proto_Je;SC;-50.84292692;-27.50145006
1103;SPC.LT.SR.07;Vargem;Proto_Je;SC;-50.83793747;-27.50018043
1104;SPC.LT.SR.06;Vargem;Proto_Je;SC;-50.83258384;-27.49879282
1105;SPC.LT.SR.05;Vargem;Proto_Je;SC;-50.82570203;-27.49715031
1106;SPC.LT.SR.04;Vargem;Proto_Je;SC;-50.82036799;-27.4963581
1107;SPC.LT.SR.03;Vargem;Proto_Je;SC;-50.81841477;-27.49594028
1108;SPC.LT.SR.02;Vargem;Proto_Je;SC;-50.81436633;-27.49528493
1109;Lajeado Perau das Flores;Xanxerê;Proto_Je;SC;-52.34702317;-26.93858297
1110;Lajeado Salto do Reduto;Xavantina;Proto_Je;SC;-52.33886941;-27.038546
1111;Michelon 3;Xaxim;Proto_Je;SC;-52.46042387;-27.07657782
1112;Eduardo Fabiano;Zortéa;Proto_Je;SC;-51.60554212;-27.52148794
1113;eder;Zortéa;Proto_Je;SC;-51.55044265;-27.51453089
1114;Edineia;Campo Belo do Sul;Proto_Je;SC;-50.8442;-27.6846
1115;Darci;Campo Belo do Sul;Proto_Je;SC;-50.8417;-27.6886
1116;Joao da Silva 3;Campo Belo do Sul;Proto_Je;SC;-50.81999079;-27.74170302
1117;Valdomiro 2;Campo Belo do Sul;Proto_Je;SC;-50.7957;-27.7186
1118;DiCarli;Campo Belo do Sul;Proto_Je;SC;-50.7952;-27.7271
1119;Bonin 1 (Urubici-31);Urubici;Proto_Je;SC;-49.5496;-27.9985
1120;Manno 1;Campo Belo do Sul;Proto_Je;SC;-50.8132;-27.7384
1121;Luis Carlos 1;Campo Belo do Sul;Proto_Je;SC;-50.7999;-27.7299
1122;Pedro Oliveira 1;Campo Belo do Sul;Proto_Je;SC;-50.78536263;-27.69934114
1123;Abreu e Garcia ;Campo Belo do Sul;Proto_Je;SC;-50.74244752;-27.66992808
1124;Tobias Wagner;Alfredo Wagner;Proto_Je;SC;-49.39264296;-27.71992764
1125;Urubici;Urubici;Proto_Je;SC;-49.589;-28.006
1126;Fazenda Bananeiras I;Lages;Proto_Je;SC;-50.4142;-28.3103
1127;Fazenda Bananeiras II;Lages;Proto_Je;SC;-50.4141;-28.312
1128;Joao Roque Vingla VIII;Anita Garibaldi;Proto_Je;SC;-51.1799;-27.762
1129;Murchao;Anita Garibaldi;Proto_Je;SC;-51.1182;-27.7173
1130;Joao Roque Vingla VII;Anita Garibaldi;Proto_Je;SC;-51.17914422;-27.76107928
1131;Euclides Granzoto;Anita Garibaldi;Proto_Je;SC;-51.1199;-27.717
1132;Tapera;Florianópolis;Proto_Je;SC;-48.57;-27.69
1133;Vargem do Cedro 8;Vargem;Proto_Je;SC;-48.9098;-28.1408
1134;Rio do Meio;Florianópolis;Proto_Je;SC;-48.49655812;-27.43778908
1135;Sao Joaquim;São Joaquim;Proto_Je;SC;-49.94;-28.31
1136;Ponta do Costao do Ilhote;Laguna;Proto_Je;SC;-48.8374;-28.5999
1137;Torre de Pedra;Campo Belo do Sul;Proto_Je;SC;-50.729;-27.649
1138;Valmor Baggio 2;Campo Belo do Sul;Proto_Je;SC;-50.77662132;-27.69856899
1139;Valmor Baggio 1;Campo Belo do Sul;Proto_Je;SC;-50.77559756;-27.70321657
1140;SC-AB-48;Abdon Batista;Proto_Je;SC;-51.1199;-27.615
1141;SC-AB-96;Abdon Batista;Proto_Je;SC;-51.0486;-27.6319
1142;SC-AB-95;Abdon Batista;Proto_Je;SC;-51.0202;-27.6317
1143;SC-AB-92;Abdon Batista;Proto_Je;SC;-51.0195;-27.6378
1144;SC-AB-93;Abdon Batista;Proto_Je;SC;-51.0173;-27.6361
1145;SC-AG-40;Anita Garibaldi;Proto_Je;SC;-51.1479;-27.6246
1146;SC-AG-76;Anita Garibaldi;Proto_Je;SC;-51.0902;-27.6389
1147;SC-AG-77;Anita Garibaldi;Proto_Je;SC;-51.0856;-27.6378
1148;SC-AG-75;Anita Garibaldi;Proto_Je;SC;-51.0662;-27.6601
1149;SC-AG-18;Anita Garibaldi;Proto_Je;SC;-51.0479;-27.6566
1150;SC-AG-19;Anita Garibaldi;Proto_Je;SC;-51.0472;-27.6577
1151;SC-AG-12;Anita Garibaldi;Proto_Je;SC;-51.0229;-27.6618
1152;SC-CR-06;São José do Cerrito;Proto_Je;SC;-51.2058;-27.6425
1153;SC-AB-04;Abdon Batista;Proto_Je;SC;-51.1412;-27.6001
1154;Santa Barbara;Bom Jardim da Serra;Proto_Je;SC;-49.62640127;-28.19897606
1155;Gruta do Ribeirao Herta - SC-VI-16;Ibirama;Proto_Je;SC;-49.57;-27.07
1156;SC-RA-01;São Joaquim;Proto_Je;SC;-49.9369;-28.2933
1157;SC-RA-03;São Joaquim;Proto_Je;SC;-49.9369;-28.2933
1158;SC-RA-05;São Joaquim;Proto_Je;SC;-49.9369;-28.2933
1159;SC-RA-06;São Joaquim;Proto_Je;SC;-49.9369;-28.2933
1160;Operario;Ibirama;Proto_Je;SC;-49.51178456;-27.04237165
1161;Otto Aigner 2;Itá;Proto_Je;SC;-52.391;-27.2502
1722;RS-T-123;Arvorezinha;Proto_Je;RS;-52.2384;-28.8514
1723;RS-T-130;Arvorezinha;Proto_Je;RS;-52.1026;-28.8858
1724;RS-T-126;Itapuca;Proto_Je;RS;-52.2551;-28.8139
1725;Boa Vista 2;Porto Lucena;Proto_Je;RS;-54.966667;-27.766667
1726;Sapateiro 3 / Mangueira Nova-1 (Sapateiro 3);Bom Jesus;Proto_Je;RS;-50.1;-28.6
1727;Passo da Cadeia;Bom Jesus;Proto_Je;RS;-50.094444;-28.483333
1728;Fazenda Sao Marcos;Esmeralda;Proto_Je;RS;-51.2;-29.166667
1729;Tres_Arvores;Passo Fundo;Proto_Je;RS;-52.483333;-28.166667
1730;Bugres-1;São Francisco do Sul;Proto_Je;RS;-50.35;-29.3
1731;Fazenda Carvalho 2;São José dos Ausentes;Proto_Je;RS;-49.880278;-28.496667
1732;RS - A - 29;Vacaria;Proto_Je;RS;-50.92920781;-28.68175434
1733;Pedro Vieira ;Vacaria;Proto_Je;RS;-50.9283;-28.6816
1734;RS - A - 27;Vacaria;Proto_Je;RS;-50.93628475;-28.67507833
1735;Matematico;São José do Cerrito;Proto_Je;RS;-50.15;-28.8
1736;Leonardo Boeira Silveira ;Caxias do Sul;Proto_Je;RS;-51.033;-29.0779
1737;Camboim 1;Arroio do Sal;Proto_Je;RS;-49.87578398;-29.52049167
1738;RS-LN-311: Camboim 4;Arroio do Sal;Proto_Je;RS;-49.87262271;-29.52457098
1739;Jardim Olivia 3;Arroio do Sal;Proto_Je;RS;-49.86239635;-29.51357342
1740;Balneario Atlantico 1;Arroio do Sal;Proto_Je;RS;-49.84441969;-29.48121052
1741;Balneario Atlantico 2;Arroio do Sal;Proto_Je;RS;-49.83986615;-29.47712798
1742;Balneario Atlantico 3;Arroio do Sal;Proto_Je;RS;-49.83969587;-29.4766843
1743;Balneario Atlantico 5;Arroio do Sal;Proto_Je;RS;-49.83886364;-29.47640631
1744;Balneario Atlantico 6;Arroio do Sal;Proto_Je;RS;-49.83834399;-29.47585129
1745;Torres Sul 5;Arroio do Sal;Proto_Je;RS;-49.81772964;-29.44454476
1746;Torres Sul 4;Arroio do Sal;Proto_Je;RS;-49.81761849;-29.44523864
1747;Torres Sul 5A;Arroio do Sal;Proto_Je;RS;-49.81725343;-29.44471199
1748;Torres Sul 6;Arroio do Sal;Proto_Je;RS;-49.81589439;-29.4445465
1749;Sitio Schaefer;Barão;Proto_Je;RS;-51.48317073;-29.35802747
1750;RS - P - 61;Bom Jesus;Proto_Je;RS;-50.69727821;-28.32631594
1751;RS - P - 60;Bom Jesus;Proto_Je;RS;-50.69654074;-28.3273614
1752;RS - P - 45;Bom Jesus;Proto_Je;RS;-50.69404032;-28.32772592
1753;RS - P - 55;Bom Jesus;Proto_Je;RS;-50.6798979;-28.33556482
1754;RS - P - 46;Bom Jesus;Proto_Je;RS;-50.67255316;-28.33859843
1755;RS - P - 48;Bom Jesus;Proto_Je;RS;-50.67079934;-28.33495643
1756;RS - P - 51;Bom Jesus;Proto_Je;RS;-50.66972715;-28.33856454
1757;RS - P - 72;Bom Jesus;Proto_Je;RS;-50.30648334;-28.43843274
1758;RS - P - 71;Bom Jesus;Proto_Je;RS;-50.30574977;-28.43817626
1759;RS - P - 62;Bom Jesus;Proto_Je;RS;-50.29260287;-28.45264094
1760;RS - P - 63;Bom Jesus;Proto_Je;RS;-50.29071079;-28.45303728
1761;Prainha 2;Bom Jesus;Proto_Je;RS;-50.28333333;-28.46333333
1762;RS - P - 65;Bom Jesus;Proto_Je;RS;-50.27881398;-28.45581802
1763;RS - P - 66;Bom Jesus;Proto_Je;RS;-50.27765935;-28.45589313
1764;RS - P - 64;Bom Jesus;Proto_Je;RS;-50.27567192;-28.45677617
1765;RS - P - 67;Bom Jesus;Proto_Je;RS;-50.26533361;-28.45561953
1766;RS - P - 70;Bom Jesus;Proto_Je;RS;-50.24788418;-28.43033187
1767;Agenor Valim I;Cambará do Sul;Proto_Je;RS;-50.2072185;-29.1276012
1768;Rubem Carvalho I;Cambará do Sul;Proto_Je;RS;-50.18806203;-29.13890356
1769;Estrada da Serra Geral (Cambara);Cambará do Sul;Proto_Je;RS;-50.18273546;-29.0844665
1770;Rubem Carvalho II;Cambará do Sul;Proto_Je;RS;-50.18065519;-29.13825379
1771;Butia;Cambará do Sul;Proto_Je;RS;-50.17923112;-28.83341818
1772;Ervino Bassani I;Cambará do Sul;Proto_Je;RS;-50.17178658;-29.00680798
1773;Manoel Francisco Weber;Cambará do Sul;Proto_Je;RS;-50.16394505;-29.07020801
1774;Aloise Emerich;Cambará do Sul;Proto_Je;RS;-50.13771478;-29.06187413
1775;Varzinha;Cambará do Sul;Proto_Je;RS;-50.11631382;-28.87380736
1776;Romario Jose Cardoso da Silva;Cambará do Sul;Proto_Je;RS;-50.08959772;-29.1087314
1777;Ernani Lima;Cambará do Sul;Proto_Je;RS;-50.04916513;-29.10680824
1778;Estrada Parque  Aparados da Serra.;Cambará do Sul;Proto_Je;RS;-50.04872172;-29.15610035
1779;Parque Nacional da Serra Geral I;Cambará do Sul;Proto_Je;RS;-50.03289153;-29.16888383
1780;Parque Nacional da Serra Geral II;Cambará do Sul;Proto_Je;RS;-50.01927863;-29.16329761
1781;Toca Santa;Caxias do Sul;Proto_Je;RS;-50.99091868;-28.90262138
1782;RS-EG-10;Erval Grande;Proto_Je;RS;-52.68498721;-27.28891193
1783;RS-EG-08;Erval Grande;Proto_Je;RS;-52.68487826;-27.28972558
1784;RS-EG-09;Erval Grande;Proto_Je;RS;-52.67998984;-27.29422791
1785;RS-EG-11;Erval Grande;Proto_Je;RS;-52.67353713;-27.2994293
1786;RS-EG-02;Erval Grande;Proto_Je;RS;-52.66418091;-27.30143645
1787;RS-EG-03;Erval Grande;Proto_Je;RS;-52.66150997;-27.30119744
1788;RS-EG-04;Erval Grande;Proto_Je;RS;-52.66025669;-27.30049025
1789;RS-EG-06;Erval Grande;Proto_Je;RS;-52.65713039;-27.30224229
1790;RS-EG-05;Erval Grande;Proto_Je;RS;-52.65619162;-27.30162159
1791;RS-EG-01;Erval Grande;Proto_Je;RS;-52.65085158;-27.30809323
1792;RS-FA-50;Faxinalzinho;Proto_Je;RS;-52.74077739;-27.32351931
1793;RS-FA-54;Faxinalzinho;Proto_Je;RS;-52.73659363;-27.32156765
1794;RS-FA-45;Faxinalzinho;Proto_Je;RS;-52.73514973;-27.32358931
1795;RS-FA-44;Faxinalzinho;Proto_Je;RS;-52.7327333;-27.32416085
1796;RS-FA-49;Faxinalzinho;Proto_Je;RS;-52.73264656;-27.32768198
1797;RS-FA-39;Faxinalzinho;Proto_Je;RS;-52.73045845;-27.31823203
1798;RS-FA-43;Faxinalzinho;Proto_Je;RS;-52.729666;-27.32446963
1799;RS-FA-46;Faxinalzinho;Proto_Je;RS;-52.72613531;-27.32487433
1800;RS-FA-47;Faxinalzinho;Proto_Je;RS;-52.72604641;-27.32370207
1801;RS-FA-42;Faxinalzinho;Proto_Je;RS;-52.72592153;-27.328036
1802;RS-FA-38;Faxinalzinho;Proto_Je;RS;-52.72374516;-27.32061658
1803;RS-FA-53;Faxinalzinho;Proto_Je;RS;-52.72112248;-27.33269836
1804;RS-FA-36;Faxinalzinho;Proto_Je;RS;-52.71915579;-27.32116955
1805;RS-FA-32;Faxinalzinho;Proto_Je;RS;-52.71480269;-27.32591647
1806;RS-FA-34;Faxinalzinho;Proto_Je;RS;-52.71288394;-27.3220589
1807;RS-FA-33;Faxinalzinho;Proto_Je;RS;-52.7125006;-27.32341747
1808;RS-FA-31;Faxinalzinho;Proto_Je;RS;-52.71189099;-27.32649373
1809;RS-FA-35;Faxinalzinho;Proto_Je;RS;-52.71155801;-27.32126283
1810;RS-FA-25;Faxinalzinho;Proto_Je;RS;-52.71037699;-27.31739618
1811;RS-FA-30;Faxinalzinho;Proto_Je;RS;-52.70957427;-27.3243559
1812;RS-FA-23;Faxinalzinho;Proto_Je;RS;-52.70900578;-27.3110046
1813;RS-FA-67;Faxinalzinho;Proto_Je;RS;-52.70768828;-27.32789904
1814;RS-FA-29;Faxinalzinho;Proto_Je;RS;-52.70760851;-27.32203322
1815;RS-FA-28;Faxinalzinho;Proto_Je;RS;-52.70711439;-27.32276132
1816;RS-FA-27;Faxinalzinho;Proto_Je;RS;-52.70704452;-27.32149856
1817;RS-FA-17;Faxinalzinho;Proto_Je;RS;-52.70504959;-27.30536663
1818;RS-FA-16;Faxinalzinho;Proto_Je;RS;-52.70503668;-27.30320057
1819;RS-FA-66;Faxinalzinho;Proto_Je;RS;-52.70292971;-27.32732532
1820;RS-FA-65;Faxinalzinho;Proto_Je;RS;-52.70174892;-27.32941565
1821;RS-FA-21;Faxinalzinho;Proto_Je;RS;-52.69426411;-27.30107508
1822;RS-FA-19;Faxinalzinho;Proto_Je;RS;-52.69314505;-27.30190097
1823;RS-FA-20;Faxinalzinho;Proto_Je;RS;-52.69098211;-27.30851607
1824;RS-FA-11;Faxinalzinho;Proto_Je;RS;-52.68813272;-27.31252191
1825;RS-FA-51;Faxinalzinho;Proto_Je;RS;-52.68514594;-27.30678137
1826;RS-FA-61;Faxinalzinho;Proto_Je;RS;-52.68478097;-27.30335592
1827;RS-FA-14;Faxinalzinho;Proto_Je;RS;-52.68331788;-27.30951118
1828;RS-FA-56;Faxinalzinho;Proto_Je;RS;-52.68085358;-27.29953107
1829;RS-FA-63;Faxinalzinho;Proto_Je;RS;-52.67996024;-27.29790811
1830;RS-FA-13;Faxinalzinho;Proto_Je;RS;-52.67990337;-27.32029311
1831;RS-FA-01;Faxinalzinho;Proto_Je;RS;-52.67964132;-27.31201318
1832;RS-FA-22;Faxinalzinho;Proto_Je;RS;-52.67846918;-27.30289029
1833;RS-FA-05;Faxinalzinho;Proto_Je;RS;-52.67730851;-27.30633408
1834;RS-FA-12;Faxinalzinho;Proto_Je;RS;-52.67684155;-27.3223156
1835;RS-FA-07;Faxinalzinho;Proto_Je;RS;-52.67403017;-27.30872013
1836;RS-FA-06;Faxinalzinho;Proto_Je;RS;-52.67213361;-27.30892336
1837;RS-FA-02;Faxinalzinho;Proto_Je;RS;-52.67182196;-27.31172513
1838;RS-FA-10;Faxinalzinho;Proto_Je;RS;-52.6712294;-27.30252574
1839;RS-FA-03;Faxinalzinho;Proto_Je;RS;-52.67075349;-27.31094634
1840;RS-FA-04;Faxinalzinho;Proto_Je;RS;-52.66795029;-27.30998697
1841;RS-FA-08;Faxinalzinho;Proto_Je;RS;-52.66585075;-27.30838462
1842;RS-FA-09;Faxinalzinho;Proto_Je;RS;-52.66499311;-27.30846704
1843;Olmirio Silveira;Herveiras;Proto_Je;RS;-52.6510479;-29.48032749
1844;RST 100;Ilópolis;Proto_Je;RS;-52.14907509;-28.89107845
1845;RS-I-99: Ponta Leste;Itaqui;Proto_Je;RS;-56.76666667;-29.38333333
1846;MAESA;Machadinho;Proto_Je;RS;-51.76827944;-27.51935712
1847;Alcione Lovato;Machadinho;Proto_Je;RS;-51.76485272;-27.51727261
1848;Ricardo Vemeskoski;Machadinho;Proto_Je;RS;-51.75841963;-27.51823766
1849;Valmir da Silva;Machadinho;Proto_Je;RS;-51.75439475;-27.51749222
1850;Gilmar Miguel da Rosa;Machadinho;Proto_Je;RS;-51.75066052;-27.51928181
1851;RGE;Machadinho;Proto_Je;RS;-51.73450812;-27.52200408
1852;Afonso;Machadinho;Proto_Je;RS;-51.72857967;-27.52126793
1853;Guto;Machadinho;Proto_Je;RS;-51.71187257;-27.52132737
1854;Venturino Rech;Machadinho;Proto_Je;RS;-51.68583619;-27.52084433
1855;Osvino Adami;Machadinho;Proto_Je;RS;-51.67656011;-27.52070018
1856;Joao Padron Torre II;Machadinho;Proto_Je;RS;-51.663673;-27.5211956
1857;Mario Machado;Machadinho;Proto_Je;RS;-51.6629576;-27.52347396
1858;Joao Fortunato;Machadinho;Proto_Je;RS;-51.65933571;-27.52401478
1859;Vladecir Panho;Machadinho;Proto_Je;RS;-51.65440888;-27.52478734
1860;RS-NO-186;Nonoai;Proto_Je;RS;-52.7971934;-27.20909974
1861;RS-NO-195;Nonoai;Proto_Je;RS;-52.79715366;-27.21605908
1862;RS-NO-188;Nonoai;Proto_Je;RS;-52.79713568;-27.21053557
1863;RS-NO-193;Nonoai;Proto_Je;RS;-52.79671168;-27.22185926
1864;RS-NO-194;Nonoai;Proto_Je;RS;-52.79522471;-27.21727521
1865;RS-NO-211;Nonoai;Proto_Je;RS;-52.79433251;-27.22459748
1866;RS-NO-225;Nonoai;Proto_Je;RS;-52.7942344;-27.26379731
1867;RS-NO-183;Nonoai;Proto_Je;RS;-52.793934;-27.20602764
1868;RS-NO-187;Nonoai;Proto_Je;RS;-52.79388699;-27.21317662
1869;RS-NO-216;Nonoai;Proto_Je;RS;-52.79382874;-27.27564419
1870;RS-NO-192;Nonoai;Proto_Je;RS;-52.79381742;-27.21828607
1871;RS-NO-224;Nonoai;Proto_Je;RS;-52.79284967;-27.26813836
1872;RS-NO-222;Nonoai;Proto_Je;RS;-52.79206802;-27.26726386
1873;RS-NO-196;Nonoai;Proto_Je;RS;-52.7919065;-27.21684836
1874;RS-NO-190;Nonoai;Proto_Je;RS;-52.79185651;-27.21877148
1875;RS-NO-226;Nonoai;Proto_Je;RS;-52.79180761;-27.26337091
1876;RS-NO-215;Nonoai;Proto_Je;RS;-52.79175745;-27.24537153
1877;RS-NO-228;Nonoai;Proto_Je;RS;-52.79170167;-27.24630189
1878;RS-NO-210;Nonoai;Proto_Je;RS;-52.79142091;-27.22561855
1879;RS-NO-227;Nonoai;Proto_Je;RS;-52.79108281;-27.26251092
1880;RS-NO-197;Nonoai;Proto_Je;RS;-52.79052908;-27.22162254
1881;RS-NO-191;Nonoai;Proto_Je;RS;-52.79002491;-27.21724247
1882;RS-NO-223;Nonoai;Proto_Je;RS;-52.78955697;-27.26939899
1883;RS-NO-189;Nonoai;Proto_Je;RS;-52.78909399;-27.21710995
1884;RS-NO-217;Nonoai;Proto_Je;RS;-52.78890038;-27.27254832
1885;RS-NO-177;Nonoai;Proto_Je;RS;-52.7886992;-27.21388378
1886;RS-NO-213;Nonoai;Proto_Je;RS;-52.78849075;-27.2450613
1887;RS-NO-221;Nonoai;Proto_Je;RS;-52.78786054;-27.25553917
1888;RS-NO-220;Nonoai;Proto_Je;RS;-52.78717034;-27.25595414
1889;RS-NO-180;Nonoai;Proto_Je;RS;-52.78702114;-27.21247913
1890;RS-NO-175;Nonoai;Proto_Je;RS;-52.78622518;-27.21384314
1891;RS-NO-178;Nonoai;Proto_Je;RS;-52.78587114;-27.21063449
1892;RS-NO-176;Nonoai;Proto_Je;RS;-52.78579254;-27.21140268
1893;RS-NO-198;Nonoai;Proto_Je;RS;-52.78561382;-27.22298499
1894;RS-NO-218;Nonoai;Proto_Je;RS;-52.78544745;-27.2581062
1895;RS-NO-209;Nonoai;Proto_Je;RS;-52.78541871;-27.22847513
1896;RS-NO-219;Nonoai;Proto_Je;RS;-52.7854033;-27.25913569
1897;RS-NO-214;Nonoai;Proto_Je;RS;-52.78467815;-27.25167165
1898;RS-NO-174;Nonoai;Proto_Je;RS;-52.78343331;-27.21476324
1899;RS-NO-171;Nonoai;Proto_Je;RS;-52.78250327;-27.22229353
1900;RS-NO-181;Nonoai;Proto_Je;RS;-52.78227725;-27.21126693
1901;RS-NO-208;Nonoai;Proto_Je;RS;-52.78214554;-27.23469945
1902;RS-NO-168;Nonoai;Proto_Je;RS;-52.78133124;-27.21525932
1903;RS-NO-199;Nonoai;Proto_Je;RS;-52.78132324;-27.22490796
1904;RS-NO-207;Nonoai;Proto_Je;RS;-52.78001501;-27.23469948
1905;RS-NO-200;Nonoai;Proto_Je;RS;-52.77985898;-27.22869934
1906;RS-NO-167;Nonoai;Proto_Je;RS;-52.77963236;-27.21698678
1907;RS-NO-172;Nonoai;Proto_Je;RS;-52.77923209;-27.22356262
1908;RS-NO-212;Nonoai;Proto_Je;RS;-52.77870947;-27.25228918
1909;RS-NO-201;Nonoai;Proto_Je;RS;-52.7784224;-27.22979166
1910;RS-NO-173;Nonoai;Proto_Je;RS;-52.77777477;-27.22652353
1911;RS-NO-164;Nonoai;Proto_Je;RS;-52.77757317;-27.2163721
1912;RS-NO-205;Nonoai;Proto_Je;RS;-52.77740102;-27.23668225
1913;RS-NO-202;Nonoai;Proto_Je;RS;-52.77717865;-27.22904026
1914;RS-NO-204;Nonoai;Proto_Je;RS;-52.77713831;-27.23603573
1915;RS-NO-170;Nonoai;Proto_Je;RS;-52.77612914;-27.21825875
1916;RS-NO-206;Nonoai;Proto_Je;RS;-52.77561847;-27.23125331
1917;RS-NO-166;Nonoai;Proto_Je;RS;-52.77514313;-27.22165592
1918;RS-NO-203;Nonoai;Proto_Je;RS;-52.77503316;-27.23954637
1919;RS-NO-131;Nonoai;Proto_Je;RS;-52.77459059;-27.25174577
1920;RS-NO-132;Nonoai;Proto_Je;RS;-52.77385538;-27.25314505
1921;RS-NO-149;Nonoai;Proto_Je;RS;-52.77328895;-27.23589499
1922;RS-NO-146;Nonoai;Proto_Je;RS;-52.77311816;-27.24168267
1923;RS-NO-162;Nonoai;Proto_Je;RS;-52.77305565;-27.22180872
1924;RS-NO-133;Nonoai;Proto_Je;RS;-52.77220344;-27.24831915
1925;RS-NO-134;Nonoai;Proto_Je;RS;-52.77214198;-27.2527245
1926;RS-NO-150;Nonoai;Proto_Je;RS;-52.77166853;-27.23367712
1927;RS-NO-151;Nonoai;Proto_Je;RS;-52.77120663;-27.22873684
1928;RS-NO-129;Nonoai;Proto_Je;RS;-52.77063698;-27.2546209
1929;RS-NO-148;Nonoai;Proto_Je;RS;-52.770592;-27.2371115
1930;RS-NO-138;Nonoai;Proto_Je;RS;-52.77033029;-27.2480089
1931;RS-NO-154;Nonoai;Proto_Je;RS;-52.77001853;-27.23469082
1932;RS-NO-156;Nonoai;Proto_Je;RS;-52.76865555;-27.21745074
1933;RS-NO-144;Nonoai;Proto_Je;RS;-52.76779132;-27.24710231
1934;RS-NO-127;Nonoai;Proto_Je;RS;-52.76745809;-27.25732368
1935;RS-NO-136;Nonoai;Proto_Je;RS;-52.7673561;-27.24831726
1936;RS-NO-153;Nonoai;Proto_Je;RS;-52.76710346;-27.22465486
1937;RS-NO-158;Nonoai;Proto_Je;RS;-52.76685491;-27.21338477
1938;RS-NO-139;Nonoai;Proto_Je;RS;-52.76674638;-27.24296365
1939;RS-NO-140;Nonoai;Proto_Je;RS;-52.76665832;-27.23802766
1940;RS-NO-155;Nonoai;Proto_Je;RS;-52.76651114;-27.21847063
1941;RS-NO-128;Nonoai;Proto_Je;RS;-52.76619161;-27.25962319
1942;RS-NO-145;Nonoai;Proto_Je;RS;-52.76605657;-27.22805274
1943;RS-NO-160;Nonoai;Proto_Je;RS;-52.76595502;-27.212656
1944;RS-NO-137;Nonoai;Proto_Je;RS;-52.76571837;-27.24564825
1945;RS-NO-135;Nonoai;Proto_Je;RS;-52.76558372;-27.25055094
1946;RS-NO-130;Nonoai;Proto_Je;RS;-52.76548284;-27.25311553
1947;RS-NO-142;Nonoai;Proto_Je;RS;-52.76440735;-27.23359731
1948;RS-NO-124;Nonoai;Proto_Je;RS;-52.76432369;-27.25389734
1949;RS-NO-125;Nonoai;Proto_Je;RS;-52.76286496;-27.26065797
1950;RS-NO-143;Nonoai;Proto_Je;RS;-52.76196862;-27.22813131
1951;RS-NO-123;Nonoai;Proto_Je;RS;-52.76146707;-27.25847329
1952;RS-NO-157;Nonoai;Proto_Je;RS;-52.76133204;-27.21590934
1953;RS-NO-122;Nonoai;Proto_Je;RS;-52.7599648;-27.25927743
1954;RS-NO-121;Nonoai;Proto_Je;RS;-52.75851951;-27.26177769
1955;RS-NO-05;Nonoai;Proto_Je;RS;-52.75767207;-27.32341609
1956;RS-NO-120;Nonoai;Proto_Je;RS;-52.75765426;-27.2652003
1957;RS-NO-117;Nonoai;Proto_Je;RS;-52.75721389;-27.27059422
1958;RS-NO-113;Nonoai;Proto_Je;RS;-52.75714425;-27.27836628
1959;RS-NO-02;Nonoai;Proto_Je;RS;-52.75708036;-27.3281891
1960;RS-NO-118;Nonoai;Proto_Je;RS;-52.75567533;-27.26781555
1961;RS-NO-114;Nonoai;Proto_Je;RS;-52.75563828;-27.27574064
1962;RS-NO-14;Nonoai;Proto_Je;RS;-52.75531803;-27.32794049
1963;RS-NO-15;Nonoai;Proto_Je;RS;-52.75446338;-27.31601923
1964;RS-NO-112;Nonoai;Proto_Je;RS;-52.75378259;-27.27849873
1965;RS-NO-116;Nonoai;Proto_Je;RS;-52.75269451;-27.26902627
1966;RS-NO-16;Nonoai;Proto_Je;RS;-52.752426;-27.31690224
1967;RS-NO-115;Nonoai;Proto_Je;RS;-52.75189474;-27.27084145
1968;RS-NO-109;Nonoai;Proto_Je;RS;-52.75165228;-27.2811429
1969;RS-NO-08;Nonoai;Proto_Je;RS;-52.75054152;-27.3246907
1970;RS-NO-119;Nonoai;Proto_Je;RS;-52.74965709;-27.26662733
1971;RS-NO-110;Nonoai;Proto_Je;RS;-52.74849095;-27.27988274
1972;RS-NO-06;Nonoai;Proto_Je;RS;-52.74803882;-27.32839279
1973;RS-NO-111;Nonoai;Proto_Je;RS;-52.74726736;-27.27850806
1974;RS-NO-07;Nonoai;Proto_Je;RS;-52.74672248;-27.32822874
1975;RS-NO-04;Nonoai;Proto_Je;RS;-52.74605986;-27.3285078
1976;RS-NO-10;Nonoai;Proto_Je;RS;-52.74564154;-27.31986637
1977;RS-NO-94;Nonoai;Proto_Je;RS;-52.74545612;-27.28644906
1978;RS-NO-91;Nonoai;Proto_Je;RS;-52.74545545;-27.28279086
1979;RS-NO-90;Nonoai;Proto_Je;RS;-52.74498532;-27.27959535
1980;RS-NO-105;Nonoai;Proto_Je;RS;-52.74454745;-27.2871283
1981;RS-NO-92;Nonoai;Proto_Je;RS;-52.74393433;-27.28306256
1982;RS-NO-89;Nonoai;Proto_Je;RS;-52.74288689;-27.27420325
1983;RS-NO-88;Nonoai;Proto_Je;RS;-52.74287798;-27.27751583
1984;RS-NO-03;Nonoai;Proto_Je;RS;-52.74226789;-27.3328875
1985;RS-NO-95;Nonoai;Proto_Je;RS;-52.74206418;-27.28206872
1986;RS-NO-17;Nonoai;Proto_Je;RS;-52.7420359;-27.32774572
1987;RS-NO-93;Nonoai;Proto_Je;RS;-52.74156865;-27.28164791
1988;RS-NO-11;Nonoai;Proto_Je;RS;-52.73965669;-27.31775678
1989;RS-NO-108;Nonoai;Proto_Je;RS;-52.738968;-27.2599461
1990;RS-NO-97;Nonoai;Proto_Je;RS;-52.73824907;-27.28487808
1991;RS-NO-100;Nonoai;Proto_Je;RS;-52.7377563;-27.27489889
1992;RS-NO-107;Nonoai;Proto_Je;RS;-52.7371465;-27.26686446
1993;RS-NO-99;Nonoai;Proto_Je;RS;-52.73679904;-27.28024504
1994;RS-NO-98;Nonoai;Proto_Je;RS;-52.73677802;-27.28214072
1995;RS-NO-70;Nonoai;Proto_Je;RS;-52.73639167;-27.25728839
1996;RS-NO-22;Nonoai;Proto_Je;RS;-52.73624097;-27.30865615
1997;RS-NO-85;Nonoai;Proto_Je;RS;-52.7362081;-27.28446743
1998;RS-NO-12;Nonoai;Proto_Je;RS;-52.73567747;-27.32827615
1999;RS-NO-71;Nonoai;Proto_Je;RS;-52.73521255;-27.26395506
2000;RS-NO-80;Nonoai;Proto_Je;RS;-52.73501246;-27.27123236
2001;RS-NO-21;Nonoai;Proto_Je;RS;-52.73427048;-27.32748131
2002;RS-NO-19;Nonoai;Proto_Je;RS;-52.73374789;-27.32766831
2003;RS-NO-104;Nonoai;Proto_Je;RS;-52.73357622;-27.27995384
2004;RS-NO-101;Nonoai;Proto_Je;RS;-52.73344646;-27.27641455
2005;RS-NO-79;Nonoai;Proto_Je;RS;-52.73334248;-27.26711021
2006;RS-NO-18;Nonoai;Proto_Je;RS;-52.73308692;-27.32740574
2007;RS-NO-69;Nonoai;Proto_Je;RS;-52.73302688;-27.24806055
2008;RS-NO-86;Nonoai;Proto_Je;RS;-52.73301956;-27.28535541
2009;RS-NO-72;Nonoai;Proto_Je;RS;-52.73298801;-27.2598849
2010;RS-NO-20;Nonoai;Proto_Je;RS;-52.73227833;-27.32804757
2011;RS-NO-68;Nonoai;Proto_Je;RS;-52.73189897;-27.24565558
2012;RS-NO-84;Nonoai;Proto_Je;RS;-52.73186089;-27.28659101
2013;RS-NO-103;Nonoai;Proto_Je;RS;-52.7318209;-27.27646177
2014;RS-NO-102;Nonoai;Proto_Je;RS;-52.73163825;-27.27705973
2015;RS-NO-66;Nonoai;Proto_Je;RS;-52.73151975;-27.24399048
2016;RS-NO-30;Nonoai;Proto_Je;RS;-52.73022862;-27.32816323
2017;RS-NO-73;Nonoai;Proto_Je;RS;-52.72952711;-27.2581406
2018;RS-NO-23;Nonoai;Proto_Je;RS;-52.72925304;-27.32781428
2019;RS-NO-78;Nonoai;Proto_Je;RS;-52.7286669;-27.26716806
2020;RS-NO-87;Nonoai;Proto_Je;RS;-52.72839892;-27.28966376
2021;RS-NO-83;Nonoai;Proto_Je;RS;-52.72791866;-27.27429869
2022;RS-NO-76;Nonoai;Proto_Je;RS;-52.72769323;-27.25188125
2023;RS-NO-77;Nonoai;Proto_Je;RS;-52.72713145;-27.25800772
2024;RS-NO-75;Nonoai;Proto_Je;RS;-52.72623233;-27.24818061
2025;RS-NO-65;Nonoai;Proto_Je;RS;-52.72617715;-27.23937203
2026;RS-NO-64;Nonoai;Proto_Je;RS;-52.72452982;-27.24059277
2027;RS-NO-63;Nonoai;Proto_Je;RS;-52.72400185;-27.24275929
2028;RS-NO-56;Nonoai;Proto_Je;RS;-52.7231199;-27.25787665
2029;RS-NO-62;Nonoai;Proto_Je;RS;-52.72249117;-27.24498923
2030;RS-NO-60;Nonoai;Proto_Je;RS;-52.72202179;-27.2495322
2031;RS-NO-25;Nonoai;Proto_Je;RS;-52.72119886;-27.31277747
2032;RS-NO-61;Nonoai;Proto_Je;RS;-52.72044556;-27.24947938
2033;RS-NO-54;Nonoai;Proto_Je;RS;-52.7200584;-27.25844685
2034;RS-NO-53;Nonoai;Proto_Je;RS;-52.71835134;-27.26171714
2035;RS-NO-51;Nonoai;Proto_Je;RS;-52.71812691;-27.2602577
2036;RS-NO-13;Nonoai;Proto_Je;RS;-52.71777875;-27.31049991
2037;RS-NO-52;Nonoai;Proto_Je;RS;-52.71769871;-27.25145368
2038;RS-NO-47;Nonoai;Proto_Je;RS;-52.7164049;-27.26584781
2039;RS-NO-28;Nonoai;Proto_Je;RS;-52.71583493;-27.30499997
2040;RS-NO-48;Nonoai;Proto_Je;RS;-52.71551212;-27.26098477
2041;RS-NO-49;Nonoai;Proto_Je;RS;-52.71529187;-27.25979606
2042;RS-NO-24;Nonoai;Proto_Je;RS;-52.71468584;-27.32817436
2043;RS-NO-58;Nonoai;Proto_Je;RS;-52.7145597;-27.2436667
2044;RS-NO-50;Nonoai;Proto_Je;RS;-52.71421967;-27.2563974
2045;RS-NO-29;Nonoai;Proto_Je;RS;-52.71393714;-27.32746148
2046;RS-NO-31;Nonoai;Proto_Je;RS;-52.71379362;-27.28787589
2047;RS-NO-59;Nonoai;Proto_Je;RS;-52.71280681;-27.2426231
2048;RS-NO-26;Nonoai;Proto_Je;RS;-52.71277063;-27.32783682
2049;RS-NO-41;Nonoai;Proto_Je;RS;-52.71263834;-27.27512745
2050;RS-NO-42;Nonoai;Proto_Je;RS;-52.71203447;-27.270658
2051;RS-NO-44;Nonoai;Proto_Je;RS;-52.71159163;-27.27339826
2052;RS-NO-46;Nonoai;Proto_Je;RS;-52.71052701;-27.27709385
2053;RS-NO-45;Nonoai;Proto_Je;RS;-52.70984336;-27.27400633
2054;RS-NO-37;Nonoai;Proto_Je;RS;-52.70894041;-27.2829891
2055;RS-NO-35;Nonoai;Proto_Je;RS;-52.70748603;-27.28234797
2056;RS-NO-36;Nonoai;Proto_Je;RS;-52.70733042;-27.2814202
2057;RS-NO-38;Nonoai;Proto_Je;RS;-52.70554175;-27.27939315
2058;RS-NO-39;Nonoai;Proto_Je;RS;-52.70443629;-27.27976766
2059;RS-NO-34;Nonoai;Proto_Je;RS;-52.70419157;-27.2855743
2060;RS-NO-01;Nonoai;Proto_Je;RS;-52.69851973;-27.32774004
2061;RS - LC - 88;Palmares do Sul;Proto_Je;RS;-50.3635;-30.35533333
2062;Lagoa da Porteira 1 ;Palmares do Sul;Proto_Je;RS;-50.33166667;-30.38416667
2063;Lagoa da Porteira 02;Palmares do Sul;Proto_Je;RS;-50.3315;-30.38366667
2064;RS - LC - 84;Palmares do Sul;Proto_Je;RS;-50.32233333;-30.39016667
2065;Torre 60 e 61;Parobé;Proto_Je;RS;-50.81784757;-29.66443639
2066;RS-PF-1: Três arvores;Passo Fundo;Proto_Je;RS;-52.48333333;-28.16666667
2067;RS - PE - 50;Pinhal da Serra;Proto_Je;RS;-51.19303009;-27.84106064
2068;RS - PE - 46;Pinhal da Serra;Proto_Je;RS;-51.18917079;-27.82927609
2069;RS - PE - 42;Pinhal da Serra;Proto_Je;RS;-51.16962602;-27.84418782
2070;RS - PE - 51;Pinhal da Serra;Proto_Je;RS;-51.14921876;-27.84881541
2071;RS-RI-79;Rio dos Índios;Proto_Je;RS;-52.91052652;-27.22858413
2072;RS-RI-104;Rio dos Índios;Proto_Je;RS;-52.85293699;-27.22312136
2073;RS-RI-105;Rio dos Índios;Proto_Je;RS;-52.84541859;-27.21535033
2074;RS-RI-95;Rio dos Índios;Proto_Je;RS;-52.8428369;-27.22226181
2075;RS-RI-96;Rio dos Índios;Proto_Je;RS;-52.84133663;-27.22005222
2076;RS-RI-101;Rio dos Índios;Proto_Je;RS;-52.84126019;-27.22399741
2077;RS-RI-102;Rio dos Índios;Proto_Je;RS;-52.84008775;-27.21654866
2078;RS-RI-97;Rio dos Índios;Proto_Je;RS;-52.83913834;-27.21836624
2079;RS-RI-98;Rio dos Índios;Proto_Je;RS;-52.83894799;-27.22091396
2080;RS-RI-99;Rio dos Índios;Proto_Je;RS;-52.83757701;-27.21734879
2081;RS-RI-87;Rio dos Índios;Proto_Je;RS;-52.83643032;-27.22191273
2082;RS-RI-100;Rio dos Índios;Proto_Je;RS;-52.8360229;-27.21492323
2083;RS-RI-82;Rio dos Índios;Proto_Je;RS;-52.83596142;-27.22471681
2084;RS-RI-91;Rio dos Índios;Proto_Je;RS;-52.83581549;-27.21889722
2085;RS-RI-84;Rio dos Índios;Proto_Je;RS;-52.83538061;-27.22377674
2086;RS-RI-83;Rio dos Índios;Proto_Je;RS;-52.83536764;-27.2248329
2087;RS-RI-88;Rio dos Índios;Proto_Je;RS;-52.8334454;-27.22150958
2088;RS-RI-89;Rio dos Índios;Proto_Je;RS;-52.83316051;-27.22199167
2089;RS-RI-56;Rio dos Índios;Proto_Je;RS;-52.83306043;-27.21464613
2090;RS-RI-81;Rio dos Índios;Proto_Je;RS;-52.83237606;-27.22711042
2091;RS-RI-92;Rio dos Índios;Proto_Je;RS;-52.83091837;-27.23860103
2092;RS-RI-80;Rio dos Índios;Proto_Je;RS;-52.83057791;-27.23075321
2093;RS-RI-78;Rio dos Índios;Proto_Je;RS;-52.82810575;-27.23084868
2094;RS-RI-67;Rio dos Índios;Proto_Je;RS;-52.82315456;-27.21388187
2095;RS-RI-77;Rio dos Índios;Proto_Je;RS;-52.82300883;-27.23282856
2096;RS-RI-68;Rio dos Índios;Proto_Je;RS;-52.82120027;-27.21351918
2097;RS-RI-71;Rio dos Índios;Proto_Je;RS;-52.82095868;-27.25202565
2098;RS-RI-70;Rio dos Índios;Proto_Je;RS;-52.82092978;-27.21302629
2099;RS-RI-76;Rio dos Índios;Proto_Je;RS;-52.82056915;-27.23616369
2100;RS-RI-74;Rio dos Índios;Proto_Je;RS;-52.82025481;-27.24476919
2101;RS-RI-57;Rio dos Índios;Proto_Je;RS;-52.81981079;-27.20628964
2102;RS-RI-58;Rio dos Índios;Proto_Je;RS;-52.81936056;-27.20591641
2103;RS-RI-69;Rio dos Índios;Proto_Je;RS;-52.81934468;-27.21177427
2104;RS-RI-59;Rio dos Índios;Proto_Je;RS;-52.81931326;-27.20859764
2105;RS-RI-65;Rio dos Índios;Proto_Je;RS;-52.81717257;-27.2073167
2106;RS-RI-64;Rio dos Índios;Proto_Je;RS;-52.81581198;-27.20931999
2107;RS-RI-66;Rio dos Índios;Proto_Je;RS;-52.81578492;-27.21076445
2108;RS-RI-63;Rio dos Índios;Proto_Je;RS;-52.80986207;-27.20907205
2109;RS-RI-33;Rio dos Índios;Proto_Je;RS;-52.80749817;-27.23147723
2110;RS-RI-12;Rio dos Índios;Proto_Je;RS;-52.80676803;-27.24753428
2111;RS-RI-61;Rio dos Índios;Proto_Je;RS;-52.80597962;-27.2137072
2112;RS-RI-60;Rio dos Índios;Proto_Je;RS;-52.80567447;-27.21732141
2113;RS-RI-35;Rio dos Índios;Proto_Je;RS;-52.80524354;-27.22941236
2114;RS-RI-62;Rio dos Índios;Proto_Je;RS;-52.80490185;-27.21197913
2115;RS-RI-02;Rio dos Índios;Proto_Je;RS;-52.8048377;-27.26745171
2116;RS-RI-37;Rio dos Índios;Proto_Je;RS;-52.80473086;-27.21828127
2117;RS-RI-06;Rio dos Índios;Proto_Je;RS;-52.80472832;-27.26380676
2118;RS-RI-03;Rio dos Índios;Proto_Je;RS;-52.8046857;-27.26429469
2119;RS-RI-36;Rio dos Índios;Proto_Je;RS;-52.80442283;-27.22735606
2120;RS-RI-38;Rio dos Índios;Proto_Je;RS;-52.80427539;-27.21758314
2121;RS-RI-08;Rio dos Índios;Proto_Je;RS;-52.80400283;-27.26266083
2122;RS-RI-42;Rio dos Índios;Proto_Je;RS;-52.80396012;-27.22245204
2123;RS-RI-21;Rio dos Índios;Proto_Je;RS;-52.80374964;-27.24634572
2124;RS-RI-05;Rio dos Índios;Proto_Je;RS;-52.8033507;-27.26293098
2125;RS-RI-22;Rio dos Índios;Proto_Je;RS;-52.80324396;-27.24629808
2126;RS-RI-43;Rio dos Índios;Proto_Je;RS;-52.80310962;-27.2235551
2127;RS-RI-32;Rio dos Índios;Proto_Je;RS;-52.80298651;-27.23158052
2128;RS-RI-44;Rio dos Índios;Proto_Je;RS;-52.80286146;-27.2213109
2129;RS-RI-39;Rio dos Índios;Proto_Je;RS;-52.80285048;-27.22000232
2130;RS-RI-34;Rio dos Índios;Proto_Je;RS;-52.80278764;-27.224877
2131;RS-RI-41;Rio dos Índios;Proto_Je;RS;-52.80243916;-27.2182837
2132;RS-RI-01;Rio dos Índios;Proto_Je;RS;-52.80210658;-27.27032999
2133;RS-RI-07;Rio dos Índios;Proto_Je;RS;-52.8014668;-27.26322602
2134;RS-RI-13;Rio dos Índios;Proto_Je;RS;-52.80124249;-27.24429307
2135;RS-RI-04;Rio dos Índios;Proto_Je;RS;-52.80117856;-27.26414132
2136;RS-RI-52;Rio dos Índios;Proto_Je;RS;-52.80079235;-27.22009197
2137;RS-RI-51;Rio dos Índios;Proto_Je;RS;-52.79942894;-27.22131894
2138;RS-RI-50;Rio dos Índios;Proto_Je;RS;-52.79918384;-27.22177337
2139;RS-RI-29;Rio dos Índios;Proto_Je;RS;-52.79836901;-27.23490103
2140;RS-RI-49;Rio dos Índios;Proto_Je;RS;-52.79782728;-27.2209153
2141;RS-RI-30;Rio dos Índios;Proto_Je;RS;-52.7978114;-27.23438185
2142;RS-RI-31;Rio dos Índios;Proto_Je;RS;-52.79751658;-27.23048653
2143;RS-RI-48;Rio dos Índios;Proto_Je;RS;-52.79642878;-27.22624939
2144;RS-RI-09;Rio dos Índios;Proto_Je;RS;-52.7956075;-27.25056611
2145;RS-RI-10;Rio dos Índios;Proto_Je;RS;-52.79487807;-27.2460175
2146;RS-RI-47;Rio dos Índios;Proto_Je;RS;-52.79460646;-27.2265706
2147;RS-RI-28;Rio dos Índios;Proto_Je;RS;-52.79391607;-27.2307403
2148;RS-RI-11;Rio dos Índios;Proto_Je;RS;-52.79313633;-27.25138303
2149;RS-RI-15;Rio dos Índios;Proto_Je;RS;-52.79304806;-27.24021035
2150;RS-RI-16;Rio dos Índios;Proto_Je;RS;-52.79212961;-27.23960837
2151;RS-RI-46;Rio dos Índios;Proto_Je;RS;-52.79105886;-27.22759982
2152;RS-RI-27;Rio dos Índios;Proto_Je;RS;-52.78928415;-27.23342604
2153;RS-RI-20;Rio dos Índios;Proto_Je;RS;-52.78845347;-27.23578334
2154;RS-RI-14;Rio dos Índios;Proto_Je;RS;-52.78843863;-27.23738108
2155;RS-RI-17;Rio dos Índios;Proto_Je;RS;-52.78799285;-27.2391829
2156;RS-RI-45;Rio dos Índios;Proto_Je;RS;-52.78795694;-27.22809074
2157;RS-RI-19;Rio dos Índios;Proto_Je;RS;-52.78674951;-27.23720408
2158;RS-RI-24;Rio dos Índios;Proto_Je;RS;-52.78623906;-27.23179516
2159;RS-RI-25;Rio dos Índios;Proto_Je;RS;-52.78501582;-27.23233425
2160;RS-RI-23;Rio dos Índios;Proto_Je;RS;-52.78479166;-27.23410615
2161;RS-RI-18;Rio dos Índios;Proto_Je;RS;-52.78354911;-27.23723586
2162;RS-RI-26;Rio dos Índios;Proto_Je;RS;-52.78250108;-27.23673474
2163;Torre 83 (Estrutura escavada no vertice MV 10);Santo Antônio da Patrulha;Proto_Je;RS;-50.5283064;-29.7910987
2164;Michelon 1;São Marcos;Proto_Je;RS;-51.08709112;-28.95139736
2165;Fabro;São Marcos;Proto_Je;RS;-51.08588985;-28.97553365
2166;Sogari;São Marcos;Proto_Je;RS;-51.06331045;-28.97967105
2167;Morro da Antena;São Marcos;Proto_Je;RS;-51.0528924;-28.96114519
2168;Gruta das Cabras;São Marcos;Proto_Je;RS;-51.0441432;-28.9250352
2169;Norberto Koeller;Sinimbu;Proto_Je;RS;-52.65242444;-29.50096483
2170;Tapejara 1;Tapejara;Proto_Je;RS;-52.01598292;-28.0248751
2171;RS - A - 28;Vacaria;Proto_Je;RS;-50.97742382;-28.70316348
2172;Torre 181-1 e 181-2;Vista Alegre do Prata;Proto_Je;RS;-51.78462045;-28.79167602
2173;Lagoa da Porteira 01;Palmares do Sul;Proto_Je;RS;-50.33116667;-30.3825
2174;Irmaos Almeida ;Pinhal da Serra;Proto_Je;RS;-51.17;-27.86
2175;Joao Rodrigues Varela I;Pinhal da Serra;Proto_Je;RS;-51.17;-27.86
2176;Joao Rodrigues Varela I ;Pinhal da Serra;Proto_Je;RS;-51.17;-27.86
2177;Odilson Silveira dos Santos;Pinhal da Serra;Proto_Je;RS;-51.17;-27.86
2178;RS-RP-164b;Herveiras;Proto_Je;RS;-52.6658;-29.4399
2179;Virador I;Portão;Proto_Je;RS;-51.2782;-29.6295
2180;Leopoldo 5 ;Caxias do Sul;Proto_Je;RS;-51.17;-27.86
2181;Orival da Costa ;Pinhal da Serra;Proto_Je;RS;-51.178;-27.843
2182;Ari Duarte I;Pinhal da Serra;Proto_Je;RS;-51.1717;-27.8406
2183;Ita;Itá;Proto_Je;RS;-52.329;-27.27
2184;Caipora ;São Francisco de Paula;Proto_Je;RS;-50.5;-29.4667
2185;Patrocinio Firmino Vieira;Pinhal da Serra;Proto_Je;RS;-51.1934;-27.8271
2186;Leopoldo 7 ;Pinhal da Serra;Proto_Je;RS;-51.1795;-27.823
2187;Darci Grazziotin;Bom Jesus;Proto_Je;RS;-50.4241;-28.6734
2188;Morro da Formiga;Taquara;Proto_Je;RS;-50.7903;-29.6428
3153;Ponta da Armacao I;(copiado);Proto_Je;(copiado);-48.49995487;-27.74985191
3154;Galheta IV;(copiado);Proto_Je;(copiado);-48.7888;-28.5551
